en2sp	C_6a76ceb2372a4b1f98bcf861c339aa88	0	hola	0
en2sp	C_6a76ceb2372a4b1f98bcf861c339aa88	1	no	0
en2sp	C_6a76ceb2372a4b1f98bcf861c339aa88	2	no	0
en2sp	C_6a76ceb2372a4b1f98bcf861c339aa88	3	mi	0
en2sp	C_6a76ceb2372a4b1f98bcf861c339aa88	3	amigo	0
en2sp	C_6a76ceb2372a4b1f98bcf861c339aa88	3	es	0
en2sp	C_6a76ceb2372a4b1f98bcf861c339aa88	3	quimico	2
en2sp	C_6a76ceb2372a4b1f98bcf861c339aa88	4	no	0
en2sp	C_6a76ceb2372a4b1f98bcf861c339aa88	4	estudio	0
en2sp	C_6a76ceb2372a4b1f98bcf861c339aa88	4	quimica	0
en2sp	C_6a76ceb2372a4b1f98bcf861c339aa88	4	y	0
en2sp	C_6a76ceb2372a4b1f98bcf861c339aa88	4	pasa	0
en2sp	C_6a76ceb2372a4b1f98bcf861c339aa88	4	tiempo	0
en2sp	C_6a76ceb2372a4b1f98bcf861c339aa88	4	en	0
en2sp	C_6a76ceb2372a4b1f98bcf861c339aa88	4	la	0
en2sp	C_6a76ceb2372a4b1f98bcf861c339aa88	4	montana	2
en2sp	C_6a76ceb2372a4b1f98bcf861c339aa88	5	yes	1
en2sp	C_6a76ceb2372a4b1f98bcf861c339aa88	6	home	1
en2sp	C_6a76ceb2372a4b1f98bcf861c339aa88	7	yes	1
en2sp	C_6a76ceb2372a4b1f98bcf861c339aa88	7	el	0
en2sp	C_6a76ceb2372a4b1f98bcf861c339aa88	7	mueseo	2
en2sp	C_6a76ceb2372a4b1f98bcf861c339aa88	8	no	0
en2sp	C_6a76ceb2372a4b1f98bcf861c339aa88	8	,	2
en2sp	C_6a76ceb2372a4b1f98bcf861c339aa88	8	chemistry	1
en2sp	C_6a76ceb2372a4b1f98bcf861c339aa88	9	ok	0
en2sp	C_6a76ceb2372a4b1f98bcf861c339aa88	10	no	0
en2sp	C_6a76ceb2372a4b1f98bcf861c339aa88	11	ha	0
en2sp	C_6a76ceb2372a4b1f98bcf861c339aa88	11	estudiado	2
en2sp	C_6a76ceb2372a4b1f98bcf861c339aa88	11	film	1
en2sp	C_6a76ceb2372a4b1f98bcf861c339aa88	12	pasa	0
en2sp	C_6a76ceb2372a4b1f98bcf861c339aa88	12	tiempo	0
en2sp	C_6a76ceb2372a4b1f98bcf861c339aa88	12	en	0
en2sp	C_6a76ceb2372a4b1f98bcf861c339aa88	12	la	0
en2sp	C_6a76ceb2372a4b1f98bcf861c339aa88	12	montana	2
en2sp	C_6a76ceb2372a4b1f98bcf861c339aa88	13	trabaja	0
en2sp	C_6a76ceb2372a4b1f98bcf861c339aa88	13	en	0
en2sp	C_6a76ceb2372a4b1f98bcf861c339aa88	13	el	0
en2sp	C_6a76ceb2372a4b1f98bcf861c339aa88	13	acuario	0
en2sp	C_6fddd91abd6a459589f7b6ccfe9cc309	0	no	0
en2sp	C_6fddd91abd6a459589f7b6ccfe9cc309	0	no	0
en2sp	C_6fddd91abd6a459589f7b6ccfe9cc309	0	hay	0
en2sp	C_6fddd91abd6a459589f7b6ccfe9cc309	1	a	0
en2sp	C_6fddd91abd6a459589f7b6ccfe9cc309	1	major	1
en2sp	C_6fddd91abd6a459589f7b6ccfe9cc309	1	of	1
en2sp	C_6fddd91abd6a459589f7b6ccfe9cc309	1	japones	0
en2sp	C_6fddd91abd6a459589f7b6ccfe9cc309	1	?	2
en2sp	C_6fddd91abd6a459589f7b6ccfe9cc309	2	 	2
en2sp	C_6fddd91abd6a459589f7b6ccfe9cc309	2	no	0
en2sp	C_6fddd91abd6a459589f7b6ccfe9cc309	2	no	0
en2sp	C_6fddd91abd6a459589f7b6ccfe9cc309	2	friends	1
en2sp	C_6fddd91abd6a459589f7b6ccfe9cc309	2	with	1
en2sp	C_6fddd91abd6a459589f7b6ccfe9cc309	2	history	1
en2sp	C_6fddd91abd6a459589f7b6ccfe9cc309	3	i	1
en2sp	C_6fddd91abd6a459589f7b6ccfe9cc309	3	have	1
en2sp	C_6fddd91abd6a459589f7b6ccfe9cc309	3	three	1
en2sp	C_6fddd91abd6a459589f7b6ccfe9cc309	3	who	1
en2sp	C_6fddd91abd6a459589f7b6ccfe9cc309	3	les	0
en2sp	C_6fddd91abd6a459589f7b6ccfe9cc309	3	gustan	0
en2sp	C_6fddd91abd6a459589f7b6ccfe9cc309	3	la	0
en2sp	C_6fddd91abd6a459589f7b6ccfe9cc309	3	noche	0
en2sp	C_6fddd91abd6a459589f7b6ccfe9cc309	3	-	2
en2sp	C_6fddd91abd6a459589f7b6ccfe9cc309	3	una	0
en2sp	C_6fddd91abd6a459589f7b6ccfe9cc309	3	ingenieria	0
en2sp	C_6fddd91abd6a459589f7b6ccfe9cc309	3	,	2
en2sp	C_6fddd91abd6a459589f7b6ccfe9cc309	3	una	0
en2sp	C_6fddd91abd6a459589f7b6ccfe9cc309	3	contabilidad	0
en2sp	C_6fddd91abd6a459589f7b6ccfe9cc309	3	,	2
en2sp	C_6fddd91abd6a459589f7b6ccfe9cc309	3	y	0
en2sp	C_6fddd91abd6a459589f7b6ccfe9cc309	3	una	0
en2sp	C_6fddd91abd6a459589f7b6ccfe9cc309	3	cartografia	0
en2sp	C_6fddd91abd6a459589f7b6ccfe9cc309	4	que	0
en2sp	C_6fddd91abd6a459589f7b6ccfe9cc309	4	hobby	2
en2sp	C_6fddd91abd6a459589f7b6ccfe9cc309	4	con	0
en2sp	C_6fddd91abd6a459589f7b6ccfe9cc309	4	la	0
en2sp	C_6fddd91abd6a459589f7b6ccfe9cc309	4	contabilidad	0
en2sp	C_6fddd91abd6a459589f7b6ccfe9cc309	4	?	2
en2sp	C_6fddd91abd6a459589f7b6ccfe9cc309	5	what	1
en2sp	C_6fddd91abd6a459589f7b6ccfe9cc309	5	hobby	2
en2sp	C_6fddd91abd6a459589f7b6ccfe9cc309	5	for	1
en2sp	C_6fddd91abd6a459589f7b6ccfe9cc309	5	the	1
en2sp	C_6fddd91abd6a459589f7b6ccfe9cc309	5	one	1
en2sp	C_6fddd91abd6a459589f7b6ccfe9cc309	5	who	1
en2sp	C_6fddd91abd6a459589f7b6ccfe9cc309	5	studies	1
en2sp	C_6fddd91abd6a459589f7b6ccfe9cc309	5	accounting	1
en2sp	C_6fddd91abd6a459589f7b6ccfe9cc309	5	?	2
sp2en	C_391bd82035944e8388603db424bb042f	0	hola	0
sp2en	C_391bd82035944e8388603db424bb042f	0	que	0
sp2en	C_391bd82035944e8388603db424bb042f	0	tal	0
sp2en	C_391bd82035944e8388603db424bb042f	1	really	1
sp2en	C_391bd82035944e8388603db424bb042f	1	,	2
sp2en	C_391bd82035944e8388603db424bb042f	1	i	1
sp2en	C_391bd82035944e8388603db424bb042f	1	have	1
sp2en	C_391bd82035944e8388603db424bb042f	1	a	0
sp2en	C_391bd82035944e8388603db424bb042f	1	friend	1
sp2en	C_391bd82035944e8388603db424bb042f	1	that	1
sp2en	C_391bd82035944e8388603db424bb042f	1	loves	2
sp2en	C_391bd82035944e8388603db424bb042f	1	dancing	1
sp2en	C_391bd82035944e8388603db424bb042f	2	si	0
sp2en	C_391bd82035944e8388603db424bb042f	2	pero	0
sp2en	C_391bd82035944e8388603db424bb042f	2	trabaja	0
sp2en	C_391bd82035944e8388603db424bb042f	2	en	0
sp2en	C_391bd82035944e8388603db424bb042f	2	una	0
sp2en	C_391bd82035944e8388603db424bb042f	2	clinica	0
sp2en	C_391bd82035944e8388603db424bb042f	3	tengo	0
sp2en	C_391bd82035944e8388603db424bb042f	3	un	0
sp2en	C_391bd82035944e8388603db424bb042f	3	amigo	0
sp2en	C_391bd82035944e8388603db424bb042f	3	que	0
sp2en	C_391bd82035944e8388603db424bb042f	3	trabaja	0
sp2en	C_391bd82035944e8388603db424bb042f	3	en	0
sp2en	C_391bd82035944e8388603db424bb042f	3	la	0
sp2en	C_391bd82035944e8388603db424bb042f	3	playa	0
sp2en	C_391bd82035944e8388603db424bb042f	4	that	1
sp2en	C_391bd82035944e8388603db424bb042f	4	must	1
sp2en	C_391bd82035944e8388603db424bb042f	4	be	1
sp2en	C_391bd82035944e8388603db424bb042f	4	fun	1
sp2en	C_391bd82035944e8388603db424bb042f	5	cual	0
sp2en	C_391bd82035944e8388603db424bb042f	5	es	0
sp2en	C_391bd82035944e8388603db424bb042f	5	el	0
sp2en	C_391bd82035944e8388603db424bb042f	5	hobby	2
sp2en	C_391bd82035944e8388603db424bb042f	5	de	0
sp2en	C_391bd82035944e8388603db424bb042f	5	tu	0
sp2en	C_391bd82035944e8388603db424bb042f	5	amigo	0
sp2en	C_391bd82035944e8388603db424bb042f	6	me	0
sp2en	C_391bd82035944e8388603db424bb042f	6	hace	0
sp2en	C_391bd82035944e8388603db424bb042f	6	familiar	2
sp2en	C_391bd82035944e8388603db424bb042f	7	no	0
sp2en	C_391bd82035944e8388603db424bb042f	7	i	1
sp2en	C_391bd82035944e8388603db424bb042f	7	do	1
sp2en	C_391bd82035944e8388603db424bb042f	7	nt	2
sp2en	C_391bd82035944e8388603db424bb042f	8	tengo	0
sp2en	C_391bd82035944e8388603db424bb042f	8	2	2
sp2en	C_391bd82035944e8388603db424bb042f	8	que	0
sp2en	C_391bd82035944e8388603db424bb042f	8	trabaja	0
sp2en	C_391bd82035944e8388603db424bb042f	8	en	0
sp2en	C_391bd82035944e8388603db424bb042f	8	la	0
sp2en	C_391bd82035944e8388603db424bb042f	8	clinica	0
sp2en	C_391bd82035944e8388603db424bb042f	9	tengo	0
sp2en	C_391bd82035944e8388603db424bb042f	9	un	0
sp2en	C_391bd82035944e8388603db424bb042f	9	amigo	0
sp2en	C_391bd82035944e8388603db424bb042f	9	que	0
sp2en	C_391bd82035944e8388603db424bb042f	9	le	0
sp2en	C_391bd82035944e8388603db424bb042f	9	gusta	0
sp2en	C_391bd82035944e8388603db424bb042f	9	coser	0
sp2en	C_391bd82035944e8388603db424bb042f	10	pero	0
sp2en	C_391bd82035944e8388603db424bb042f	10	trabaja	0
sp2en	C_391bd82035944e8388603db424bb042f	10	en	0
sp2en	C_391bd82035944e8388603db424bb042f	10	el	0
sp2en	C_391bd82035944e8388603db424bb042f	10	parque	0
sp2en	C_391bd82035944e8388603db424bb042f	11	no	0
sp2en	C_391bd82035944e8388603db424bb042f	11	pero	0
sp2en	C_391bd82035944e8388603db424bb042f	11	tengo	0
sp2en	C_391bd82035944e8388603db424bb042f	11	un	0
sp2en	C_391bd82035944e8388603db424bb042f	11	amigo	0
sp2en	C_391bd82035944e8388603db424bb042f	11	que	0
sp2en	C_391bd82035944e8388603db424bb042f	11	trabaja	0
sp2en	C_391bd82035944e8388603db424bb042f	11	en	0
sp2en	C_391bd82035944e8388603db424bb042f	11	un	0
sp2en	C_391bd82035944e8388603db424bb042f	11	teatro	0
sp2en	C_391bd82035944e8388603db424bb042f	12	que	0
sp2en	C_391bd82035944e8388603db424bb042f	12	estudia	2
sp2en	C_391bd82035944e8388603db424bb042f	12	su	0
sp2en	C_391bd82035944e8388603db424bb042f	12	amigo	0
sp2en	C_391bd82035944e8388603db424bb042f	13	i	1
sp2en	C_391bd82035944e8388603db424bb042f	13	do	1
sp2en	C_391bd82035944e8388603db424bb042f	13	nt	2
sp2en	C_391bd82035944e8388603db424bb042f	13	have	1
sp2en	C_391bd82035944e8388603db424bb042f	13	any	1
sp2en	C_391bd82035944e8388603db424bb042f	13	friends	1
sp2en	C_391bd82035944e8388603db424bb042f	13	that	1
sp2en	C_391bd82035944e8388603db424bb042f	13	work	1
sp2en	C_391bd82035944e8388603db424bb042f	13	at	1
sp2en	C_391bd82035944e8388603db424bb042f	13	an	1
sp2en	C_391bd82035944e8388603db424bb042f	13	aquarium	1
sp2en	C_391bd82035944e8388603db424bb042f	14	tengo	0
sp2en	C_391bd82035944e8388603db424bb042f	14	un	0
sp2en	C_391bd82035944e8388603db424bb042f	14	amigo	0
sp2en	C_391bd82035944e8388603db424bb042f	14	que	0
sp2en	C_391bd82035944e8388603db424bb042f	14	trabaja	0
sp2en	C_391bd82035944e8388603db424bb042f	14	en	0
sp2en	C_391bd82035944e8388603db424bb042f	14	the	1
sp2en	C_391bd82035944e8388603db424bb042f	14	hair	1
sp2en	C_391bd82035944e8388603db424bb042f	14	salon	1
en2sp	C_ef5ef551df7f4871a6af655839cc6b40	0	hola	0
en2sp	C_ef5ef551df7f4871a6af655839cc6b40	1	tengo	0
en2sp	C_ef5ef551df7f4871a6af655839cc6b40	1	1	2
en2sp	C_ef5ef551df7f4871a6af655839cc6b40	1	amigo	0
en2sp	C_ef5ef551df7f4871a6af655839cc6b40	1	that	1
en2sp	C_ef5ef551df7f4871a6af655839cc6b40	1	studied	1
en2sp	C_ef5ef551df7f4871a6af655839cc6b40	1	spanish	1
en2sp	C_ef5ef551df7f4871a6af655839cc6b40	2	tienes	0
en2sp	C_ef5ef551df7f4871a6af655839cc6b40	2	algun	0
en2sp	C_ef5ef551df7f4871a6af655839cc6b40	2	amigo	0
en2sp	C_ef5ef551df7f4871a6af655839cc6b40	2	that	1
en2sp	C_ef5ef551df7f4871a6af655839cc6b40	2	likes	1
en2sp	C_ef5ef551df7f4871a6af655839cc6b40	2	sleep	2
en2sp	C_ef5ef551df7f4871a6af655839cc6b40	2	?	2
sp2en	C_721c129d628945e9b8f1def700a38783	0	hola	0
sp2en	C_721c129d628945e9b8f1def700a38783	1	no	0
sp2en	C_721c129d628945e9b8f1def700a38783	1	tengo	0
sp2en	C_721c129d628945e9b8f1def700a38783	1	amigo	0
sp2en	C_721c129d628945e9b8f1def700a38783	1	who	1
sp2en	C_721c129d628945e9b8f1def700a38783	1	studied	1
sp2en	C_721c129d628945e9b8f1def700a38783	1	education	1
sp2en	C_721c129d628945e9b8f1def700a38783	2	pero	0
sp2en	C_721c129d628945e9b8f1def700a38783	2	la	0
sp2en	C_721c129d628945e9b8f1def700a38783	2	matematica	2
sp2en	C_721c129d628945e9b8f1def700a38783	2	si	0
sp2en	C_721c129d628945e9b8f1def700a38783	3	si	0
sp2en	C_721c129d628945e9b8f1def700a38783	4	y	0
sp2en	C_721c129d628945e9b8f1def700a38783	4	este	0
sp2en	C_721c129d628945e9b8f1def700a38783	4	amigo	0
sp2en	C_721c129d628945e9b8f1def700a38783	4	estudia	2
sp2en	C_721c129d628945e9b8f1def700a38783	4	chemistry	1
sp2en	C_3478cc90357f43ed94996e8f4137e588	0	si	0
sp2en	C_3478cc90357f43ed94996e8f4137e588	0	,	2
sp2en	C_3478cc90357f43ed94996e8f4137e588	0	tengo	0
sp2en	C_3478cc90357f43ed94996e8f4137e588	0	amigos	0
sp2en	C_3478cc90357f43ed94996e8f4137e588	0	que	0
sp2en	C_3478cc90357f43ed94996e8f4137e588	0	estudiaron	0
sp2en	C_3478cc90357f43ed94996e8f4137e588	0	farmacia	0
sp2en	C_3478cc90357f43ed94996e8f4137e588	1	afternoon	1
sp2en	C_3478cc90357f43ed94996e8f4137e588	1	que	0
sp2en	C_3478cc90357f43ed94996e8f4137e588	1	trabaja	0
sp2en	C_3478cc90357f43ed94996e8f4137e588	1	en	0
sp2en	C_3478cc90357f43ed94996e8f4137e588	1	el	0
sp2en	C_3478cc90357f43ed94996e8f4137e588	1	parque	0
sp2en	C_3478cc90357f43ed94996e8f4137e588	1	?	2
sp2en	C_3478cc90357f43ed94996e8f4137e588	2	que	0
sp2en	C_3478cc90357f43ed94996e8f4137e588	2	otroa	2
sp2en	C_3478cc90357f43ed94996e8f4137e588	2	amigos	0
sp2en	C_3478cc90357f43ed94996e8f4137e588	2	tienes	0
sp2en	C_3478cc90357f43ed94996e8f4137e588	2	?	2
sp2en	C_3478cc90357f43ed94996e8f4137e588	3	si	0
sp2en	C_591d6a7db8ec4415ba71effe7805681a	0	y	0
sp2en	C_591d6a7db8ec4415ba71effe7805681a	0	que	0
sp2en	C_591d6a7db8ec4415ba71effe7805681a	0	major	1
sp2en	C_591d6a7db8ec4415ba71effe7805681a	0	estudian	2
sp2en	C_591d6a7db8ec4415ba71effe7805681a	0	?	2
sp2en	C_591d6a7db8ec4415ba71effe7805681a	1	yo	0
sp2en	C_591d6a7db8ec4415ba71effe7805681a	1	tambien	0
sp2en	C_591d6a7db8ec4415ba71effe7805681a	2	yo	0
sp2en	C_591d6a7db8ec4415ba71effe7805681a	2	no	0
sp2en	C_591d6a7db8ec4415ba71effe7805681a	3	tengo	0
sp2en	C_591d6a7db8ec4415ba71effe7805681a	3	cuatro	0
sp2en	C_591d6a7db8ec4415ba71effe7805681a	3	amigos	0
sp2en	C_591d6a7db8ec4415ba71effe7805681a	3	que	0
sp2en	C_591d6a7db8ec4415ba71effe7805681a	3	estudiaron	0
sp2en	C_591d6a7db8ec4415ba71effe7805681a	3	contabilidad	0
sp2en	C_591d6a7db8ec4415ba71effe7805681a	4	no	0
sp2en	C_591d6a7db8ec4415ba71effe7805681a	5	ninguno	2
sp2en	C_591d6a7db8ec4415ba71effe7805681a	5	de	0
sp2en	C_591d6a7db8ec4415ba71effe7805681a	5	mis	0
sp2en	C_591d6a7db8ec4415ba71effe7805681a	5	amigos	0
sp2en	C_591d6a7db8ec4415ba71effe7805681a	5	estudio	0
sp2en	C_591d6a7db8ec4415ba71effe7805681a	5	historia	0
sp2en	C_591d6a7db8ec4415ba71effe7805681a	6	ninguno	2
sp2en	C_591d6a7db8ec4415ba71effe7805681a	6	de	0
sp2en	C_591d6a7db8ec4415ba71effe7805681a	6	mis	0
sp2en	C_591d6a7db8ec4415ba71effe7805681a	6	amigos	0
sp2en	C_591d6a7db8ec4415ba71effe7805681a	6	estudio	0
sp2en	C_591d6a7db8ec4415ba71effe7805681a	6	arquitectura	0
sp2en	C_591d6a7db8ec4415ba71effe7805681a	7	no	0
sp2en	C_591d6a7db8ec4415ba71effe7805681a	7	tengo	0
sp2en	C_591d6a7db8ec4415ba71effe7805681a	8	tampoco	0
sp2en	C_591d6a7db8ec4415ba71effe7805681a	9	i	1
sp2en	C_591d6a7db8ec4415ba71effe7805681a	9	do	1
sp2en	C_591d6a7db8ec4415ba71effe7805681a	9	n't	2
sp2en	C_591d6a7db8ec4415ba71effe7805681a	10	i	1
sp2en	C_591d6a7db8ec4415ba71effe7805681a	10	have	1
sp2en	C_591d6a7db8ec4415ba71effe7805681a	10	a	0
sp2en	C_591d6a7db8ec4415ba71effe7805681a	10	lot	1
sp2en	C_591d6a7db8ec4415ba71effe7805681a	10	of	1
sp2en	C_591d6a7db8ec4415ba71effe7805681a	10	friends	1
sp2en	C_591d6a7db8ec4415ba71effe7805681a	10	who	1
sp2en	C_591d6a7db8ec4415ba71effe7805681a	10	like	1
sp2en	C_591d6a7db8ec4415ba71effe7805681a	10	the	1
sp2en	C_591d6a7db8ec4415ba71effe7805681a	10	night	1
sp2en	C_591d6a7db8ec4415ba71effe7805681a	11	do	1
sp2en	C_591d6a7db8ec4415ba71effe7805681a	11	 	2
sp2en	C_591d6a7db8ec4415ba71effe7805681a	11	you	1
sp2en	C_591d6a7db8ec4415ba71effe7805681a	11	have	1
sp2en	C_591d6a7db8ec4415ba71effe7805681a	11	a	0
sp2en	C_591d6a7db8ec4415ba71effe7805681a	11	friend	1
sp2en	C_591d6a7db8ec4415ba71effe7805681a	11	who	1
sp2en	C_591d6a7db8ec4415ba71effe7805681a	11	studied	1
sp2en	C_591d6a7db8ec4415ba71effe7805681a	11	japanese	1
sp2en	C_591d6a7db8ec4415ba71effe7805681a	11	?	2
sp2en	C_591d6a7db8ec4415ba71effe7805681a	12	si	0
sp2en	C_591d6a7db8ec4415ba71effe7805681a	13	no	0
sp2en	C_591d6a7db8ec4415ba71effe7805681a	13	tengo	0
sp2en	C_591d6a7db8ec4415ba71effe7805681a	14	yo	0
sp2en	C_591d6a7db8ec4415ba71effe7805681a	14	no	0
sp2en	C_591d6a7db8ec4415ba71effe7805681a	15	tienes	0
sp2en	C_591d6a7db8ec4415ba71effe7805681a	15	algun	0
sp2en	C_591d6a7db8ec4415ba71effe7805681a	15	amigo	0
sp2en	C_591d6a7db8ec4415ba71effe7805681a	15	que	0
sp2en	C_591d6a7db8ec4415ba71effe7805681a	15	estudio	0
sp2en	C_591d6a7db8ec4415ba71effe7805681a	15	accounting	1
sp2en	C_591d6a7db8ec4415ba71effe7805681a	15	y	0
sp2en	C_591d6a7db8ec4415ba71effe7805681a	15	le	0
sp2en	C_591d6a7db8ec4415ba71effe7805681a	15	gusta	0
sp2en	C_591d6a7db8ec4415ba71effe7805681a	15	gardening	1
sp2en	C_591d6a7db8ec4415ba71effe7805681a	15	?	2
sp2en	C_591d6a7db8ec4415ba71effe7805681a	16	y	0
sp2en	C_591d6a7db8ec4415ba71effe7805681a	16	le	0
sp2en	C_591d6a7db8ec4415ba71effe7805681a	16	gusta	0
sp2en	C_591d6a7db8ec4415ba71effe7805681a	16	la	0
sp2en	C_591d6a7db8ec4415ba71effe7805681a	16	tarde	0
sp2en	C_591d6a7db8ec4415ba71effe7805681a	16	?	2
sp2en	C_591d6a7db8ec4415ba71effe7805681a	17	si	0
sp2en	C_591d6a7db8ec4415ba71effe7805681a	18	no	0
sp2en	C_591d6a7db8ec4415ba71effe7805681a	18	me	0
sp2en	C_591d6a7db8ec4415ba71effe7805681a	18	ayudas	2
sp2en	C_591d6a7db8ec4415ba71effe7805681a	19	tienes	0
sp2en	C_591d6a7db8ec4415ba71effe7805681a	19	un	0
sp2en	C_591d6a7db8ec4415ba71effe7805681a	19	amigo	0
sp2en	C_591d6a7db8ec4415ba71effe7805681a	19	que	0
sp2en	C_591d6a7db8ec4415ba71effe7805681a	19	estudio	0
sp2en	C_591d6a7db8ec4415ba71effe7805681a	19	accouting	2
sp2en	C_591d6a7db8ec4415ba71effe7805681a	19	le	0
sp2en	C_591d6a7db8ec4415ba71effe7805681a	19	gusta	0
sp2en	C_591d6a7db8ec4415ba71effe7805681a	19	gardening	1
sp2en	C_591d6a7db8ec4415ba71effe7805681a	19	y	0
sp2en	C_591d6a7db8ec4415ba71effe7805681a	19	le	0
sp2en	C_591d6a7db8ec4415ba71effe7805681a	19	gusta	0
sp2en	C_591d6a7db8ec4415ba71effe7805681a	19	la	0
sp2en	C_591d6a7db8ec4415ba71effe7805681a	19	tarde	0
sp2en	C_591d6a7db8ec4415ba71effe7805681a	19	?	2
en2sp	C_063eb544345a4903878da81091a091d7	0	no	0
en2sp	C_063eb544345a4903878da81091a091d7	0	tengo	0
en2sp	C_063eb544345a4903878da81091a091d7	1	so	1
en2sp	C_063eb544345a4903878da81091a091d7	1	tengo	0
en2sp	C_063eb544345a4903878da81091a091d7	1	dos	0
en2sp	C_063eb544345a4903878da81091a091d7	2	no	0
en2sp	C_063eb544345a4903878da81091a091d7	2	son	0
en2sp	C_063eb544345a4903878da81091a091d7	2	mis	0
en2sp	C_063eb544345a4903878da81091a091d7	2	amigos	0
en2sp	C_063eb544345a4903878da81091a091d7	3	tienes	0
en2sp	C_063eb544345a4903878da81091a091d7	3	un	0
en2sp	C_063eb544345a4903878da81091a091d7	3	amigo	0
en2sp	C_063eb544345a4903878da81091a091d7	3	que	0
en2sp	C_063eb544345a4903878da81091a091d7	3	trabaja	0
en2sp	C_063eb544345a4903878da81091a091d7	3	en	0
en2sp	C_063eb544345a4903878da81091a091d7	3	the	1
en2sp	C_063eb544345a4903878da81091a091d7	3	clinic	1
en2sp	C_063eb544345a4903878da81091a091d7	3	y	0
en2sp	C_063eb544345a4903878da81091a091d7	3	le	0
en2sp	C_063eb544345a4903878da81091a091d7	3	gusta	0
en2sp	C_063eb544345a4903878da81091a091d7	3	cantar	0
en2sp	C_063eb544345a4903878da81091a091d7	3	?	2
en2sp	C_063eb544345a4903878da81091a091d7	4	no	0
en2sp	C_063eb544345a4903878da81091a091d7	4	que	0
en2sp	C_063eb544345a4903878da81091a091d7	4	pena	0
en2sp	C_063eb544345a4903878da81091a091d7	5	no	0
en2sp	C_063eb544345a4903878da81091a091d7	5	son	0
en2sp	C_063eb544345a4903878da81091a091d7	5	mis	0
en2sp	C_063eb544345a4903878da81091a091d7	5	amigos	0
en2sp	C_063eb544345a4903878da81091a091d7	6	no	0
en2sp	C_063eb544345a4903878da81091a091d7	6	desafortunadamente	2
en2sp	C_063eb544345a4903878da81091a091d7	7	si	0
en2sp	C_063eb544345a4903878da81091a091d7	8	tienes	0
en2sp	C_063eb544345a4903878da81091a091d7	8	un	0
en2sp	C_063eb544345a4903878da81091a091d7	8	amigo	0
en2sp	C_063eb544345a4903878da81091a091d7	8	who	1
en2sp	C_063eb544345a4903878da81091a091d7	8	studied	1
en2sp	C_063eb544345a4903878da81091a091d7	8	philosophy	1
en2sp	C_063eb544345a4903878da81091a091d7	8	and	1
en2sp	C_063eb544345a4903878da81091a091d7	8	likes	1
en2sp	C_063eb544345a4903878da81091a091d7	8	to	1
en2sp	C_063eb544345a4903878da81091a091d7	8	cantor	2
en2sp	C_063eb544345a4903878da81091a091d7	8	?	2
en2sp	C_063eb544345a4903878da81091a091d7	9	no	0
en2sp	C_063eb544345a4903878da81091a091d7	9	tengo	0
en2sp	C_063eb544345a4903878da81091a091d7	9	ningun	0
en2sp	C_063eb544345a4903878da81091a091d7	9	amigo	0
en2sp	C_063eb544345a4903878da81091a091d7	9	asi	0
en2sp	C_063eb544345a4903878da81091a091d7	10	no	0
en2sp	C_063eb544345a4903878da81091a091d7	10	tengo	0
en2sp	C_063eb544345a4903878da81091a091d7	10	amigo	0
en2sp	C_063eb544345a4903878da81091a091d7	10	who	1
en2sp	C_063eb544345a4903878da81091a091d7	10	studied	1
en2sp	C_063eb544345a4903878da81091a091d7	10	accounting	1
en2sp	C_063eb544345a4903878da81091a091d7	10	ni	0
en2sp	C_063eb544345a4903878da81091a091d7	10	diseno	0
en2sp	C_063eb544345a4903878da81091a091d7	10	grafico	0
en2sp	C_063eb544345a4903878da81091a091d7	11	no	0
en2sp	C_063eb544345a4903878da81091a091d7	11	tengo	0
en2sp	C_063eb544345a4903878da81091a091d7	11	amigo	0
en2sp	C_063eb544345a4903878da81091a091d7	11	quien	0
en2sp	C_063eb544345a4903878da81091a091d7	11	estudio	0
en2sp	C_063eb544345a4903878da81091a091d7	11	nursing	1
en2sp	C_063eb544345a4903878da81091a091d7	12	tienes	0
en2sp	C_063eb544345a4903878da81091a091d7	12	amigo	0
en2sp	C_063eb544345a4903878da81091a091d7	12	que	0
en2sp	C_063eb544345a4903878da81091a091d7	12	estudio	0
en2sp	C_063eb544345a4903878da81091a091d7	12	 	2
en2sp	C_063eb544345a4903878da81091a091d7	12	pelicula	0
en2sp	C_063eb544345a4903878da81091a091d7	12	?	2
en2sp	C_063eb544345a4903878da81091a091d7	13	tienes	0
en2sp	C_063eb544345a4903878da81091a091d7	13	amigo	0
en2sp	C_063eb544345a4903878da81091a091d7	13	who	1
en2sp	C_063eb544345a4903878da81091a091d7	13	likes	1
en2sp	C_063eb544345a4903878da81091a091d7	13	puzzles	1
en2sp	C_063eb544345a4903878da81091a091d7	13	and	1
en2sp	C_063eb544345a4903878da81091a091d7	13	works	1
en2sp	C_063eb544345a4903878da81091a091d7	13	en	0
en2sp	C_063eb544345a4903878da81091a091d7	13	la	0
en2sp	C_063eb544345a4903878da81091a091d7	13	fabric	2
en2sp	C_063eb544345a4903878da81091a091d7	13	?	2
en2sp	C_31fc3b0fb97943b2aeb5d5455fa0d1e5	0	hola	0
en2sp	C_31fc3b0fb97943b2aeb5d5455fa0d1e5	1	yo	0
en2sp	C_31fc3b0fb97943b2aeb5d5455fa0d1e5	1	tengo	0
en2sp	C_31fc3b0fb97943b2aeb5d5455fa0d1e5	1	uno	0
en2sp	C_31fc3b0fb97943b2aeb5d5455fa0d1e5	1	al	0
en2sp	C_31fc3b0fb97943b2aeb5d5455fa0d1e5	1	que	0
en2sp	C_31fc3b0fb97943b2aeb5d5455fa0d1e5	1	le	0
en2sp	C_31fc3b0fb97943b2aeb5d5455fa0d1e5	1	gustan	0
en2sp	C_31fc3b0fb97943b2aeb5d5455fa0d1e5	1	los	0
en2sp	C_31fc3b0fb97943b2aeb5d5455fa0d1e5	1	deporte	2
en2sp	C_31fc3b0fb97943b2aeb5d5455fa0d1e5	1	.	2
en2sp	C_31fc3b0fb97943b2aeb5d5455fa0d1e5	1	trabaja	0
en2sp	C_31fc3b0fb97943b2aeb5d5455fa0d1e5	1	tu	0
en2sp	C_31fc3b0fb97943b2aeb5d5455fa0d1e5	1	amigo	0
en2sp	C_31fc3b0fb97943b2aeb5d5455fa0d1e5	1	en	0
en2sp	C_31fc3b0fb97943b2aeb5d5455fa0d1e5	1	una	0
en2sp	C_31fc3b0fb97943b2aeb5d5455fa0d1e5	1	fabrica	0
en2sp	C_31fc3b0fb97943b2aeb5d5455fa0d1e5	1	?	2
en2sp	C_31fc3b0fb97943b2aeb5d5455fa0d1e5	2	su	0
en2sp	C_31fc3b0fb97943b2aeb5d5455fa0d1e5	2	especialidad	2
en2sp	C_31fc3b0fb97943b2aeb5d5455fa0d1e5	2	es	0
en2sp	C_31fc3b0fb97943b2aeb5d5455fa0d1e5	2	humanitie	2
en2sp	C_31fc3b0fb97943b2aeb5d5455fa0d1e5	2	?	2
en2sp	C_ebdf5072e9644e70ba2ee9c71157af8a	0	hola	0
en2sp	C_ebdf5072e9644e70ba2ee9c71157af8a	1	i	1
en2sp	C_ebdf5072e9644e70ba2ee9c71157af8a	1	have	1
en2sp	C_ebdf5072e9644e70ba2ee9c71157af8a	1	one	1
en2sp	C_ebdf5072e9644e70ba2ee9c71157af8a	1	friend	1
en2sp	C_ebdf5072e9644e70ba2ee9c71157af8a	1	that	1
en2sp	C_ebdf5072e9644e70ba2ee9c71157af8a	1	trabaja	0
en2sp	C_ebdf5072e9644e70ba2ee9c71157af8a	1	en	0
en2sp	C_ebdf5072e9644e70ba2ee9c71157af8a	1	el	0
en2sp	C_ebdf5072e9644e70ba2ee9c71157af8a	1	banco	0
en2sp	C_ebdf5072e9644e70ba2ee9c71157af8a	2	no	0
en2sp	C_ebdf5072e9644e70ba2ee9c71157af8a	2	i	1
en2sp	C_ebdf5072e9644e70ba2ee9c71157af8a	2	do	1
en2sp	C_ebdf5072e9644e70ba2ee9c71157af8a	2	nt	2
en2sp	C_ebdf5072e9644e70ba2ee9c71157af8a	3	do	1
en2sp	C_ebdf5072e9644e70ba2ee9c71157af8a	3	you	1
en2sp	C_ebdf5072e9644e70ba2ee9c71157af8a	3	have	1
en2sp	C_ebdf5072e9644e70ba2ee9c71157af8a	3	any	1
en2sp	C_ebdf5072e9644e70ba2ee9c71157af8a	3	amigos	0
en2sp	C_ebdf5072e9644e70ba2ee9c71157af8a	3	que	0
en2sp	C_ebdf5072e9644e70ba2ee9c71157af8a	3	le	0
en2sp	C_ebdf5072e9644e70ba2ee9c71157af8a	3	gusta	0
en2sp	C_ebdf5072e9644e70ba2ee9c71157af8a	3	hornear	0
en2sp	C_ebdf5072e9644e70ba2ee9c71157af8a	3	?	2
sp2en	C_62eebf51a12c4bd3bb1e9a62dafdec91	0	hola	0
sp2en	C_62eebf51a12c4bd3bb1e9a62dafdec91	0	,	2
sp2en	C_62eebf51a12c4bd3bb1e9a62dafdec91	0	yo	0
sp2en	C_62eebf51a12c4bd3bb1e9a62dafdec91	0	tambien	0
sp2en	C_62eebf51a12c4bd3bb1e9a62dafdec91	0	tengo	0
sp2en	C_62eebf51a12c4bd3bb1e9a62dafdec91	0	un	0
sp2en	C_62eebf51a12c4bd3bb1e9a62dafdec91	0	amigo	0
sp2en	C_62eebf51a12c4bd3bb1e9a62dafdec91	0	pero	0
sp2en	C_62eebf51a12c4bd3bb1e9a62dafdec91	0	a	0
sp2en	C_62eebf51a12c4bd3bb1e9a62dafdec91	0	el	0
sp2en	C_62eebf51a12c4bd3bb1e9a62dafdec91	0	le	0
sp2en	C_62eebf51a12c4bd3bb1e9a62dafdec91	0	gustan	0
sp2en	C_62eebf51a12c4bd3bb1e9a62dafdec91	0	los	0
sp2en	C_62eebf51a12c4bd3bb1e9a62dafdec91	0	deportes	0
sp2en	C_62eebf51a12c4bd3bb1e9a62dafdec91	0	.	2
sp2en	C_4a07399578624c79a6b6a087a6cd4fd9	0	hola	0
sp2en	C_4a07399578624c79a6b6a087a6cd4fd9	1	no	0
sp2en	C_4a07399578624c79a6b6a087a6cd4fd9	1	tengo	0
sp2en	C_4a07399578624c79a6b6a087a6cd4fd9	1	ningun	0
sp2en	C_4a07399578624c79a6b6a087a6cd4fd9	1	amigo	0
sp2en	C_4a07399578624c79a6b6a087a6cd4fd9	1	que	0
sp2en	C_4a07399578624c79a6b6a087a6cd4fd9	1	estudio	0
sp2en	C_4a07399578624c79a6b6a087a6cd4fd9	1	ingenieria	0
sp2en	C_4a07399578624c79a6b6a087a6cd4fd9	1	and	1
sp2en	C_4a07399578624c79a6b6a087a6cd4fd9	1	i	1
sp2en	C_4a07399578624c79a6b6a087a6cd4fd9	1	have	1
sp2en	C_4a07399578624c79a6b6a087a6cd4fd9	1	one	1
sp2en	C_4a07399578624c79a6b6a087a6cd4fd9	1	friend	1
sp2en	C_4a07399578624c79a6b6a087a6cd4fd9	1	who	1
sp2en	C_4a07399578624c79a6b6a087a6cd4fd9	1	works	1
sp2en	C_4a07399578624c79a6b6a087a6cd4fd9	1	at	1
sp2en	C_4a07399578624c79a6b6a087a6cd4fd9	1	the	1
sp2en	C_4a07399578624c79a6b6a087a6cd4fd9	1	clinic	1
sp2en	C_4a07399578624c79a6b6a087a6cd4fd9	2	tienes	0
sp2en	C_4a07399578624c79a6b6a087a6cd4fd9	2	algun	0
sp2en	C_4a07399578624c79a6b6a087a6cd4fd9	2	amigo	0
sp2en	C_4a07399578624c79a6b6a087a6cd4fd9	2	que	0
sp2en	C_4a07399578624c79a6b6a087a6cd4fd9	2	estudio	0
sp2en	C_4a07399578624c79a6b6a087a6cd4fd9	2	quimica	0
sp2en	C_4a07399578624c79a6b6a087a6cd4fd9	2	or	1
sp2en	C_4a07399578624c79a6b6a087a6cd4fd9	2	who	1
sp2en	C_4a07399578624c79a6b6a087a6cd4fd9	2	likes	1
sp2en	C_4a07399578624c79a6b6a087a6cd4fd9	2	traveling	1
sp2en	C_4a07399578624c79a6b6a087a6cd4fd9	2	?	2
sp2en	C_4a07399578624c79a6b6a087a6cd4fd9	3	no	0
sp2en	C_4a07399578624c79a6b6a087a6cd4fd9	3	tengo	0
sp2en	C_4a07399578624c79a6b6a087a6cd4fd9	3	ningun	0
sp2en	C_4a07399578624c79a6b6a087a6cd4fd9	3	amigo	0
sp2en	C_4a07399578624c79a6b6a087a6cd4fd9	3	que	0
sp2en	C_4a07399578624c79a6b6a087a6cd4fd9	3	estudio	0
sp2en	C_4a07399578624c79a6b6a087a6cd4fd9	3	espanol	0
sp2en	C_4a07399578624c79a6b6a087a6cd4fd9	3	and	1
sp2en	C_4a07399578624c79a6b6a087a6cd4fd9	3	i	1
sp2en	C_4a07399578624c79a6b6a087a6cd4fd9	3	have	1
sp2en	C_4a07399578624c79a6b6a087a6cd4fd9	3	one	1
sp2en	C_4a07399578624c79a6b6a087a6cd4fd9	3	friend	1
sp2en	C_4a07399578624c79a6b6a087a6cd4fd9	3	who	1
sp2en	C_4a07399578624c79a6b6a087a6cd4fd9	3	works	1
sp2en	C_4a07399578624c79a6b6a087a6cd4fd9	3	in	1
sp2en	C_4a07399578624c79a6b6a087a6cd4fd9	3	a	0
sp2en	C_4a07399578624c79a6b6a087a6cd4fd9	3	factory	1
sp2en	C_175c2e300468462298e01ca194b3301c	0	hola	0
sp2en	C_175c2e300468462298e01ca194b3301c	0	que	0
sp2en	C_175c2e300468462298e01ca194b3301c	0	tal	0
sp2en	C_175c2e300468462298e01ca194b3301c	1	viera	2
sp2en	C_175c2e300468462298e01ca194b3301c	1	que	0
sp2en	C_175c2e300468462298e01ca194b3301c	1	tengo	0
sp2en	C_175c2e300468462298e01ca194b3301c	1	un	0
sp2en	C_175c2e300468462298e01ca194b3301c	1	amigo	0
sp2en	C_175c2e300468462298e01ca194b3301c	1	que	0
sp2en	C_175c2e300468462298e01ca194b3301c	1	trabaja	0
sp2en	C_175c2e300468462298e01ca194b3301c	1	en	0
sp2en	C_175c2e300468462298e01ca194b3301c	1	el	0
sp2en	C_175c2e300468462298e01ca194b3301c	1	zoo	1
sp2en	C_175c2e300468462298e01ca194b3301c	1	y	0
sp2en	C_175c2e300468462298e01ca194b3301c	1	que	0
sp2en	C_175c2e300468462298e01ca194b3301c	1	le	0
sp2en	C_175c2e300468462298e01ca194b3301c	1	gusta	0
sp2en	C_175c2e300468462298e01ca194b3301c	1	jugar	0
sp2en	C_175c2e300468462298e01ca194b3301c	1	video	1
sp2en	C_175c2e300468462298e01ca194b3301c	1	games	1
sp2en	C_175c2e300468462298e01ca194b3301c	2	i	1
sp2en	C_175c2e300468462298e01ca194b3301c	2	do	1
sp2en	C_175c2e300468462298e01ca194b3301c	2	nt	2
sp2en	C_175c2e300468462298e01ca194b3301c	2	have	1
sp2en	C_175c2e300468462298e01ca194b3301c	2	any	1
sp2en	C_175c2e300468462298e01ca194b3301c	2	friends	1
sp2en	C_175c2e300468462298e01ca194b3301c	2	that	1
sp2en	C_175c2e300468462298e01ca194b3301c	2	work	1
sp2en	C_175c2e300468462298e01ca194b3301c	2	at	1
sp2en	C_175c2e300468462298e01ca194b3301c	2	the	1
sp2en	C_175c2e300468462298e01ca194b3301c	2	bank	1
sp2en	C_175c2e300468462298e01ca194b3301c	3	really	1
sp2en	C_175c2e300468462298e01ca194b3301c	3	,	2
sp2en	C_175c2e300468462298e01ca194b3301c	3	all	1
sp2en	C_175c2e300468462298e01ca194b3301c	3	my	1
sp2en	C_175c2e300468462298e01ca194b3301c	3	friends	1
sp2en	C_175c2e300468462298e01ca194b3301c	3	like	1
sp2en	C_175c2e300468462298e01ca194b3301c	3	the	1
sp2en	C_175c2e300468462298e01ca194b3301c	3	night	1
sp2en	C_175c2e300468462298e01ca194b3301c	3	time	1
sp2en	C_175c2e300468462298e01ca194b3301c	3	better	1
sp2en	C_175c2e300468462298e01ca194b3301c	4	yo	0
sp2en	C_175c2e300468462298e01ca194b3301c	4	tambien	0
sp2en	C_175c2e300468462298e01ca194b3301c	4	tengo	0
sp2en	C_175c2e300468462298e01ca194b3301c	4	un	0
sp2en	C_175c2e300468462298e01ca194b3301c	4	amigo	0
sp2en	C_175c2e300468462298e01ca194b3301c	4	que	0
sp2en	C_175c2e300468462298e01ca194b3301c	4	trabaja	0
sp2en	C_175c2e300468462298e01ca194b3301c	4	en	0
sp2en	C_175c2e300468462298e01ca194b3301c	4	un	0
sp2en	C_175c2e300468462298e01ca194b3301c	4	jewelry	1
sp2en	C_175c2e300468462298e01ca194b3301c	4	store	1
sp2en	C_175c2e300468462298e01ca194b3301c	4	pero	0
sp2en	C_175c2e300468462298e01ca194b3301c	4	como	0
sp2en	C_175c2e300468462298e01ca194b3301c	4	le	0
sp2en	C_175c2e300468462298e01ca194b3301c	4	gusta	0
sp2en	C_175c2e300468462298e01ca194b3301c	4	dormir	0
sp2en	C_175c2e300468462298e01ca194b3301c	5	fishing	1
sp2en	C_175c2e300468462298e01ca194b3301c	5	no	0
sp2en	C_175c2e300468462298e01ca194b3301c	5	pero	0
sp2en	C_175c2e300468462298e01ca194b3301c	5	baking	1
sp2en	C_175c2e300468462298e01ca194b3301c	5	si	0
sp2en	C_175c2e300468462298e01ca194b3301c	6	yo	0
sp2en	C_175c2e300468462298e01ca194b3301c	6	no	0
sp2en	C_175c2e300468462298e01ca194b3301c	7	tienes	0
sp2en	C_175c2e300468462298e01ca194b3301c	7	un	0
sp2en	C_175c2e300468462298e01ca194b3301c	7	amigo	0
sp2en	C_175c2e300468462298e01ca194b3301c	7	que	0
sp2en	C_175c2e300468462298e01ca194b3301c	7	le	0
sp2en	C_175c2e300468462298e01ca194b3301c	7	gusta	0
sp2en	C_175c2e300468462298e01ca194b3301c	7	dormir	0
sp2en	C_175c2e300468462298e01ca194b3301c	8	no	0
sp2en	C_175c2e300468462298e01ca194b3301c	9	tienes	0
sp2en	C_175c2e300468462298e01ca194b3301c	9	un	0
sp2en	C_175c2e300468462298e01ca194b3301c	9	amigo	0
sp2en	C_175c2e300468462298e01ca194b3301c	9	que	0
sp2en	C_175c2e300468462298e01ca194b3301c	9	le	0
sp2en	C_175c2e300468462298e01ca194b3301c	9	gusta	0
sp2en	C_175c2e300468462298e01ca194b3301c	9	viajar	0
sp2en	C_175c2e300468462298e01ca194b3301c	10	yo	0
sp2en	C_175c2e300468462298e01ca194b3301c	10	tambien	0
sp2en	C_175c2e300468462298e01ca194b3301c	11	do	1
sp2en	C_175c2e300468462298e01ca194b3301c	11	you	1
sp2en	C_175c2e300468462298e01ca194b3301c	11	have	1
sp2en	C_175c2e300468462298e01ca194b3301c	11	a	0
sp2en	C_175c2e300468462298e01ca194b3301c	11	friend	1
sp2en	C_175c2e300468462298e01ca194b3301c	11	that	1
sp2en	C_175c2e300468462298e01ca194b3301c	11	is	1
sp2en	C_175c2e300468462298e01ca194b3301c	11	a	0
sp2en	C_175c2e300468462298e01ca194b3301c	11	night	1
sp2en	C_175c2e300468462298e01ca194b3301c	11	person	1
sp2en	C_854d482076bd4d58aa25eff634e249ba	0	hola	0
sp2en	C_854d482076bd4d58aa25eff634e249ba	0	!	2
sp2en	C_854d482076bd4d58aa25eff634e249ba	0	,	2
sp2en	C_854d482076bd4d58aa25eff634e249ba	0	y	0
sp2en	C_854d482076bd4d58aa25eff634e249ba	0	a	0
sp2en	C_854d482076bd4d58aa25eff634e249ba	0	tu	0
sp2en	C_854d482076bd4d58aa25eff634e249ba	0	amigo	0
sp2en	C_854d482076bd4d58aa25eff634e249ba	0	le	0
sp2en	C_854d482076bd4d58aa25eff634e249ba	0	interesa	2
sp2en	C_854d482076bd4d58aa25eff634e249ba	0	escribir	0
sp2en	C_854d482076bd4d58aa25eff634e249ba	0	sobre	0
sp2en	C_854d482076bd4d58aa25eff634e249ba	0	historia	0
sp2en	C_854d482076bd4d58aa25eff634e249ba	1	actually	2
sp2en	C_854d482076bd4d58aa25eff634e249ba	1	si	0
sp2en	C_854d482076bd4d58aa25eff634e249ba	1	tengo	0
sp2en	C_854d482076bd4d58aa25eff634e249ba	1	un	0
sp2en	C_854d482076bd4d58aa25eff634e249ba	1	amigo	0
sp2en	C_854d482076bd4d58aa25eff634e249ba	1	que	0
sp2en	C_854d482076bd4d58aa25eff634e249ba	1	le	0
sp2en	C_854d482076bd4d58aa25eff634e249ba	1	gusta	0
sp2en	C_854d482076bd4d58aa25eff634e249ba	1	el	0
sp2en	C_854d482076bd4d58aa25eff634e249ba	1	canto	2
sp2en	C_854d482076bd4d58aa25eff634e249ba	2	y	0
sp2en	C_854d482076bd4d58aa25eff634e249ba	2	a	0
sp2en	C_854d482076bd4d58aa25eff634e249ba	2	su	0
sp2en	C_854d482076bd4d58aa25eff634e249ba	2	amigo	0
sp2en	C_854d482076bd4d58aa25eff634e249ba	2	le	0
sp2en	C_854d482076bd4d58aa25eff634e249ba	2	gusta	0
sp2en	C_854d482076bd4d58aa25eff634e249ba	2	ir	0
sp2en	C_854d482076bd4d58aa25eff634e249ba	2	a	0
sp2en	C_854d482076bd4d58aa25eff634e249ba	2	la	0
sp2en	C_854d482076bd4d58aa25eff634e249ba	2	oficina	0
sp2en	C_854d482076bd4d58aa25eff634e249ba	2	?	2
en2sp	C_67d445a6658541eba9c75739ab363d08	0	no	0
en2sp	C_67d445a6658541eba9c75739ab363d08	0	tengo	0
en2sp	C_67d445a6658541eba9c75739ab363d08	0	ningun	0
en2sp	C_67d445a6658541eba9c75739ab363d08	0	friend	1
en2sp	C_67d445a6658541eba9c75739ab363d08	0	que	0
en2sp	C_67d445a6658541eba9c75739ab363d08	0	le	0
en2sp	C_67d445a6658541eba9c75739ab363d08	0	guste	0
en2sp	C_67d445a6658541eba9c75739ab363d08	0	camping	1
en2sp	C_67d445a6658541eba9c75739ab363d08	1	tienes	0
en2sp	C_67d445a6658541eba9c75739ab363d08	1	algun	0
en2sp	C_67d445a6658541eba9c75739ab363d08	1	friend	1
en2sp	C_67d445a6658541eba9c75739ab363d08	1	que	0
en2sp	C_67d445a6658541eba9c75739ab363d08	1	le	0
en2sp	C_67d445a6658541eba9c75739ab363d08	1	guste	0
en2sp	C_67d445a6658541eba9c75739ab363d08	1	baking	1
en2sp	C_67d445a6658541eba9c75739ab363d08	1	?	2
en2sp	C_67d445a6658541eba9c75739ab363d08	2	sewing	1
en2sp	C_67d445a6658541eba9c75739ab363d08	2	tengo	0
en2sp	C_67d445a6658541eba9c75739ab363d08	2	dos	0
en2sp	C_67d445a6658541eba9c75739ab363d08	2	amigos	0
en2sp	C_67d445a6658541eba9c75739ab363d08	2	que	0
en2sp	C_67d445a6658541eba9c75739ab363d08	2	les	0
en2sp	C_67d445a6658541eba9c75739ab363d08	2	gusta	0
en2sp	C_67d445a6658541eba9c75739ab363d08	2	sewing	1
en2sp	C_67d445a6658541eba9c75739ab363d08	3	un	0
en2sp	C_67d445a6658541eba9c75739ab363d08	3	amigo	0
en2sp	C_67d445a6658541eba9c75739ab363d08	3	likes	1
en2sp	C_67d445a6658541eba9c75739ab363d08	3	sewing	1
en2sp	C_67d445a6658541eba9c75739ab363d08	3	y	0
en2sp	C_67d445a6658541eba9c75739ab363d08	3	trabaja	0
en2sp	C_67d445a6658541eba9c75739ab363d08	3	en	0
en2sp	C_67d445a6658541eba9c75739ab363d08	3	el	0
en2sp	C_67d445a6658541eba9c75739ab363d08	3	park	1
sp2en	C_ba4eea9b07d94b0786cccba0614129eb	0	yo	0
sp2en	C_ba4eea9b07d94b0786cccba0614129eb	0	tambien	0
sp2en	C_ba4eea9b07d94b0786cccba0614129eb	0	.	2
sp2en	C_ba4eea9b07d94b0786cccba0614129eb	0	tienes	0
sp2en	C_ba4eea9b07d94b0786cccba0614129eb	0	amigo	0
sp2en	C_ba4eea9b07d94b0786cccba0614129eb	0	a	0
sp2en	C_ba4eea9b07d94b0786cccba0614129eb	0	quien	0
sp2en	C_ba4eea9b07d94b0786cccba0614129eb	0	le	0
sp2en	C_ba4eea9b07d94b0786cccba0614129eb	0	gusta	0
sp2en	C_ba4eea9b07d94b0786cccba0614129eb	0	la	0
sp2en	C_ba4eea9b07d94b0786cccba0614129eb	0	tarde	0
sp2en	C_ba4eea9b07d94b0786cccba0614129eb	0	y	0
sp2en	C_ba4eea9b07d94b0786cccba0614129eb	0	video	1
sp2en	C_ba4eea9b07d94b0786cccba0614129eb	0	games	1
sp2en	C_ba4eea9b07d94b0786cccba0614129eb	0	?	2
sp2en	C_ba4eea9b07d94b0786cccba0614129eb	1	cual	0
sp2en	C_ba4eea9b07d94b0786cccba0614129eb	1	era	0
sp2en	C_ba4eea9b07d94b0786cccba0614129eb	1	la	0
sp2en	C_ba4eea9b07d94b0786cccba0614129eb	1	major	1
sp2en	C_ba4eea9b07d94b0786cccba0614129eb	1	de	0
sp2en	C_ba4eea9b07d94b0786cccba0614129eb	1	tu	0
sp2en	C_ba4eea9b07d94b0786cccba0614129eb	1	amigo	0
sp2en	C_ba4eea9b07d94b0786cccba0614129eb	1	who	1
sp2en	C_ba4eea9b07d94b0786cccba0614129eb	1	likes	1
sp2en	C_ba4eea9b07d94b0786cccba0614129eb	1	reading	1
sp2en	C_ba4eea9b07d94b0786cccba0614129eb	1	?	2
sp2en	C_ba4eea9b07d94b0786cccba0614129eb	2	no	0
sp2en	C_ba4eea9b07d94b0786cccba0614129eb	2	tengo	0
sp2en	C_ba4eea9b07d94b0786cccba0614129eb	2	.	2
sp2en	C_ba4eea9b07d94b0786cccba0614129eb	2	tienes	0
sp2en	C_ba4eea9b07d94b0786cccba0614129eb	2	amigo	0
sp2en	C_ba4eea9b07d94b0786cccba0614129eb	2	who	1
sp2en	C_ba4eea9b07d94b0786cccba0614129eb	2	likes	1
sp2en	C_ba4eea9b07d94b0786cccba0614129eb	2	reading	1
sp2en	C_ba4eea9b07d94b0786cccba0614129eb	2	y	0
sp2en	C_ba4eea9b07d94b0786cccba0614129eb	2	estudio	0
sp2en	C_ba4eea9b07d94b0786cccba0614129eb	2	farmacia	0
sp2en	C_ba4eea9b07d94b0786cccba0614129eb	2	?	2
sp2en	C_ba4eea9b07d94b0786cccba0614129eb	3	tienes	0
sp2en	C_ba4eea9b07d94b0786cccba0614129eb	3	amigo	0
sp2en	C_ba4eea9b07d94b0786cccba0614129eb	3	who	1
sp2en	C_ba4eea9b07d94b0786cccba0614129eb	3	likes	1
sp2en	C_ba4eea9b07d94b0786cccba0614129eb	3	reading	1
sp2en	C_ba4eea9b07d94b0786cccba0614129eb	3	y	0
sp2en	C_ba4eea9b07d94b0786cccba0614129eb	3	estudio	0
sp2en	C_ba4eea9b07d94b0786cccba0614129eb	3	filosofia	0
sp2en	C_ba4eea9b07d94b0786cccba0614129eb	3	?	2
sp2en	C_ba4eea9b07d94b0786cccba0614129eb	4	tienes	0
sp2en	C_ba4eea9b07d94b0786cccba0614129eb	4	amigo	0
sp2en	C_ba4eea9b07d94b0786cccba0614129eb	4	who	1
sp2en	C_ba4eea9b07d94b0786cccba0614129eb	4	likes	1
sp2en	C_ba4eea9b07d94b0786cccba0614129eb	4	puzzles	1
sp2en	C_ba4eea9b07d94b0786cccba0614129eb	4	?	2
sp2en	C_ba4eea9b07d94b0786cccba0614129eb	5	tienes	0
sp2en	C_ba4eea9b07d94b0786cccba0614129eb	5	amigo	0
sp2en	C_ba4eea9b07d94b0786cccba0614129eb	5	who	1
sp2en	C_ba4eea9b07d94b0786cccba0614129eb	5	likes	1
sp2en	C_ba4eea9b07d94b0786cccba0614129eb	5	puzzles	1
sp2en	C_ba4eea9b07d94b0786cccba0614129eb	5	y	0
sp2en	C_ba4eea9b07d94b0786cccba0614129eb	5	estudio	0
sp2en	C_ba4eea9b07d94b0786cccba0614129eb	5	arte	0
sp2en	C_ba4eea9b07d94b0786cccba0614129eb	6	si	0
sp2en	C_ba4eea9b07d94b0786cccba0614129eb	6	tengo	0
sp2en	C_ba4eea9b07d94b0786cccba0614129eb	6	dos	0
sp2en	C_ba4eea9b07d94b0786cccba0614129eb	7	tienes	0
sp2en	C_ba4eea9b07d94b0786cccba0614129eb	7	amigo	0
sp2en	C_ba4eea9b07d94b0786cccba0614129eb	7	who	1
sp2en	C_ba4eea9b07d94b0786cccba0614129eb	7	likes	1
sp2en	C_ba4eea9b07d94b0786cccba0614129eb	7	puzzles	1
sp2en	C_ba4eea9b07d94b0786cccba0614129eb	7	y	0
sp2en	C_ba4eea9b07d94b0786cccba0614129eb	7	estudio	0
sp2en	C_ba4eea9b07d94b0786cccba0614129eb	7	el	0
sp2en	C_ba4eea9b07d94b0786cccba0614129eb	7	arte	0
sp2en	C_ba4eea9b07d94b0786cccba0614129eb	7	?	2
sp2en	C_ba4eea9b07d94b0786cccba0614129eb	8	si	0
sp2en	C_23154d97d2594765a8364f2c8057ed7e	0	dame	0
sp2en	C_23154d97d2594765a8364f2c8057ed7e	0	un	0
sp2en	C_23154d97d2594765a8364f2c8057ed7e	0	segundo	0
sp2en	C_23154d97d2594765a8364f2c8057ed7e	1	si	0
sp2en	C_23154d97d2594765a8364f2c8057ed7e	1	tengo	0
sp2en	C_23154d97d2594765a8364f2c8057ed7e	1	un	0
sp2en	C_23154d97d2594765a8364f2c8057ed7e	1	amigo	0
sp2en	C_23154d97d2594765a8364f2c8057ed7e	1	que	0
sp2en	C_23154d97d2594765a8364f2c8057ed7e	1	le	0
sp2en	C_23154d97d2594765a8364f2c8057ed7e	1	gusta	0
sp2en	C_23154d97d2594765a8364f2c8057ed7e	1	bailar	0
sp2en	C_23154d97d2594765a8364f2c8057ed7e	1	pero	0
sp2en	C_23154d97d2594765a8364f2c8057ed7e	1	solo	0
sp2en	C_23154d97d2594765a8364f2c8057ed7e	1	en	0
sp2en	C_23154d97d2594765a8364f2c8057ed7e	1	la	0
sp2en	C_23154d97d2594765a8364f2c8057ed7e	1	noche	0
sp2en	C_23154d97d2594765a8364f2c8057ed7e	2	no	0
sp2en	C_23154d97d2594765a8364f2c8057ed7e	2	tengo	0
sp2en	C_23154d97d2594765a8364f2c8057ed7e	2	ninguno	2
sp2en	C_23154d97d2594765a8364f2c8057ed7e	3	tengo	0
sp2en	C_23154d97d2594765a8364f2c8057ed7e	3	un	0
sp2en	C_23154d97d2594765a8364f2c8057ed7e	3	amigo	0
sp2en	C_23154d97d2594765a8364f2c8057ed7e	3	que	0
sp2en	C_23154d97d2594765a8364f2c8057ed7e	3	trabaja	0
sp2en	C_23154d97d2594765a8364f2c8057ed7e	3	en	0
sp2en	C_23154d97d2594765a8364f2c8057ed7e	3	la	0
sp2en	C_23154d97d2594765a8364f2c8057ed7e	3	farmacia	0
sp2en	C_23154d97d2594765a8364f2c8057ed7e	4	si	0
sp2en	C_23154d97d2594765a8364f2c8057ed7e	4	tengo	0
sp2en	C_23154d97d2594765a8364f2c8057ed7e	4	un	0
sp2en	C_23154d97d2594765a8364f2c8057ed7e	4	amigo	0
sp2en	C_23154d97d2594765a8364f2c8057ed7e	4	que	0
sp2en	C_23154d97d2594765a8364f2c8057ed7e	4	le	0
sp2en	C_23154d97d2594765a8364f2c8057ed7e	4	gusta	0
sp2en	C_23154d97d2594765a8364f2c8057ed7e	4	hacer	0
sp2en	C_23154d97d2594765a8364f2c8057ed7e	4	crocheting	1
sp2en	C_23154d97d2594765a8364f2c8057ed7e	5	no	0
sp2en	C_23154d97d2594765a8364f2c8057ed7e	6	estudio	0
sp2en	C_23154d97d2594765a8364f2c8057ed7e	6	matematicas	0
sp2en	C_23154d97d2594765a8364f2c8057ed7e	6	pero	0
sp2en	C_23154d97d2594765a8364f2c8057ed7e	7	le	0
sp2en	C_23154d97d2594765a8364f2c8057ed7e	7	gusta	0
sp2en	C_23154d97d2594765a8364f2c8057ed7e	7	gardening	1
sp2en	C_23154d97d2594765a8364f2c8057ed7e	8	yo	0
sp2en	C_23154d97d2594765a8364f2c8057ed7e	8	no	0
sp2en	C_23154d97d2594765a8364f2c8057ed7e	9	no	0
sp2en	C_23154d97d2594765a8364f2c8057ed7e	10	tengo	0
sp2en	C_23154d97d2594765a8364f2c8057ed7e	10	un	0
sp2en	C_23154d97d2594765a8364f2c8057ed7e	10	amigo	0
sp2en	C_23154d97d2594765a8364f2c8057ed7e	10	que	0
sp2en	C_23154d97d2594765a8364f2c8057ed7e	10	en	0
sp2en	C_23154d97d2594765a8364f2c8057ed7e	10	adimistracion	2
sp2en	C_23154d97d2594765a8364f2c8057ed7e	11	si	0
sp2en	C_23154d97d2594765a8364f2c8057ed7e	12	le	0
sp2en	C_23154d97d2594765a8364f2c8057ed7e	12	gusta	0
sp2en	C_23154d97d2594765a8364f2c8057ed7e	12	actuar	0
sp2en	C_23154d97d2594765a8364f2c8057ed7e	13	no	0
